{
  "per_rq": {
    "rq1": {
      "n_configs": 37,
      "n_valid": 37,
      "pct_within_5": 8.108108108108109,
      "pct_within_10": 54.054054054054056,
      "pct_within_20": 89.1891891891892,
      "max_abs_delta_pct": 32.23684210526316
    },
    "rq2": {
      "n_configs": 42,
      "n_valid": 42,
      "pct_within_5": 26.190476190476193,
      "pct_within_10": 80.95238095238095,
      "pct_within_20": 92.85714285714286,
      "max_abs_delta_pct": 26.35863279278791
    },
    "rq3": {
      "n_configs": 6,
      "n_valid": 6,
      "pct_within_5": 0.0,
      "pct_within_10": 0.0,
      "pct_within_20": 0.0,
      "max_abs_delta_pct": 174.93635146431103
    },
    "rq4": {
      "n_configs": 124,
      "n_valid": 120,
      "pct_within_5": 64.51612903225806,
      "pct_within_10": 79.03225806451613,
      "pct_within_20": 89.51612903225806,
      "max_abs_delta_pct": 37.77257738538453
    }
  },
  "flagged_configs": [
    {
      "rq": "rq1",
      "delta_pct": -23.636363636363637,
      "config": {
        "p4_program": "l2_forward",
        "packet_size_bytes": 64,
        "background_load_mbps": 1,
        "cold_idle_reference": false,
        "median_us_rep1": 110.0,
        "median_us_rep2": 84.0,
        "n_samples_rep1": 1000,
        "mean_us_rep1": 128.072,
        "std_us_rep1": 159.0951982245162,
        "p25_us_rep1": 97.0,
        "p75_us_rep1": 131.0,
        "p99_us_rep1": 330.04,
        "p999_us_rep1": 3029.9520000000857,
        "n_samples_rep2": 1000,
        "mean_us_rep2": 91.813,
        "std_us_rep2": 51.58200009435204,
        "p25_us_rep2": 79.0,
        "p75_us_rep2": 92.0,
        "p99_us_rep2": 204.24999999999977,
        "p999_us_rep2": 650.5310000000478
      }
    },
    {
      "rq": "rq1",
      "delta_pct": -27.43362831858407,
      "config": {
        "p4_program": "l2_forward",
        "packet_size_bytes": 256,
        "background_load_mbps": 1,
        "cold_idle_reference": false,
        "median_us_rep1": 113.0,
        "median_us_rep2": 82.0,
        "n_samples_rep1": 1000,
        "mean_us_rep1": 127.301,
        "std_us_rep1": 70.15766884309582,
        "p25_us_rep1": 99.0,
        "p75_us_rep1": 133.0,
        "p99_us_rep1": 352.0,
        "p999_us_rep1": 1227.0050000000006,
        "n_samples_rep2": 1000,
        "mean_us_rep2": 88.713,
        "std_us_rep2": 39.97592657720026,
        "p25_us_rep2": 77.0,
        "p75_us_rep2": 91.0,
        "p99_us_rep2": 214.18999999999983,
        "p999_us_rep2": 565.3250000000293
      }
    },
    {
      "rq": "rq1",
      "delta_pct": -23.2,
      "config": {
        "p4_program": "l3_lpm",
        "packet_size_bytes": 256,
        "background_load_mbps": 1,
        "cold_idle_reference": false,
        "median_us_rep1": 125.0,
        "median_us_rep2": 96.0,
        "n_samples_rep1": 1000,
        "mean_us_rep1": 142.449,
        "std_us_rep1": 89.79393269786856,
        "p25_us_rep1": 110.0,
        "p75_us_rep1": 145.0,
        "p99_us_rep1": 502.1599999999999,
        "p999_us_rep1": 1357.2170000000197,
        "n_samples_rep2": 1100,
        "mean_us_rep2": 107.21818181818182,
        "std_us_rep2": 90.32647104070628,
        "p25_us_rep2": 89.0,
        "p75_us_rep2": 107.0,
        "p99_us_rep2": 269.04999999999995,
        "p999_us_rep2": 653.6140000000009
      }
    },
    {
      "rq": "rq1",
      "delta_pct": -32.23684210526316,
      "config": {
        "p4_program": "l3_lpm_acl",
        "packet_size_bytes": 256,
        "background_load_mbps": 1,
        "cold_idle_reference": false,
        "median_us_rep1": 152.0,
        "median_us_rep2": 103.0,
        "n_samples_rep1": 1000,
        "mean_us_rep1": 168.195,
        "std_us_rep1": 63.41555414492179,
        "p25_us_rep1": 129.0,
        "p75_us_rep1": 186.0,
        "p99_us_rep1": 427.05,
        "p999_us_rep1": 633.0280000000025,
        "n_samples_rep2": 1000,
        "mean_us_rep2": 109.185,
        "std_us_rep2": 26.20388174332991,
        "p25_us_rep2": 97.0,
        "p75_us_rep2": 113.0,
        "p99_us_rep2": 240.04,
        "p999_us_rep2": 326.12600000001135
      }
    },
    {
      "rq": "rq2",
      "delta_pct": -26.35863279278791,
      "config": {
        "n_switches": 1,
        "n_entries_per_switch": 10,
        "operation": "read",
        "mode": "sync",
        "median_s_rep1": 0.0015929429937386,
        "median_s_rep2": 0.0011730649994206,
        "n_reps_rep1": 10,
        "mean_s_rep1": 0.001620993996039,
        "std_s_rep1": 0.0005085079289141,
        "p25_s_rep1": 0.0011894129856955,
        "p75_s_rep1": 0.0019653107374324,
        "median_entries_per_sec_rep1": 6277.774500787285,
        "n_reps_rep2": 10,
        "mean_s_rep2": 0.0013296171002366,
        "std_s_rep2": 0.0004066528972932,
        "p25_s_rep2": 0.0010383235012341,
        "p75_s_rep2": 0.001545085750422,
        "median_entries_per_sec_rep2": 8532.855697165216
      }
    },
    {
      "rq": "rq2",
      "delta_pct": -20.891350768733396,
      "config": {
        "n_switches": 4,
        "n_entries_per_switch": 1000,
        "operation": "insert",
        "mode": "sync",
        "median_s_rep1": 2.1648113709961763,
        "median_s_rep2": 1.7125530339999386,
        "n_reps_rep1": 10,
        "mean_s_rep1": 2.163406490799389,
        "std_s_rep1": 0.0503093848437624,
        "p25_s_rep1": 2.1362693007322378,
        "p75_s_rep1": 2.185050280262658,
        "median_entries_per_sec_rep1": 1847.766003649357,
        "n_reps_rep2": 10,
        "mean_s_rep2": 1.715735649799899,
        "std_s_rep2": 0.0497999582337078,
        "p25_s_rep2": 1.6845543454996914,
        "p75_s_rep2": 1.7458004800000708,
        "median_entries_per_sec_rep2": 2335.718906103913
      }
    },
    {
      "rq": "rq2",
      "delta_pct": -25.49608223414034,
      "config": {
        "n_switches": 8,
        "n_entries_per_switch": 100,
        "operation": "read",
        "mode": "async",
        "median_s_rep1": 0.0571273750101681,
        "median_s_rep2": 0.0425621324993699,
        "n_reps_rep1": 10,
        "mean_s_rep1": 0.0570371033041737,
        "std_s_rep1": 0.0091381695807554,
        "p25_s_rep1": 0.0500470977567601,
        "p75_s_rep1": 0.0629129525041207,
        "median_entries_per_sec_rep1": 14017.870943862868,
        "n_reps_rep2": 10,
        "mean_s_rep2": 0.0455779071997312,
        "std_s_rep2": 0.0062507032335916,
        "p25_s_rep2": 0.0411928209996403,
        "p75_s_rep2": 0.0502325844995539,
        "median_entries_per_sec_rep2": 18802.33800770018
      }
    },
    {
      "rq": "rq3",
      "delta_pct": 63.86866691246149,
      "config": {
        "n_switches": 2,
        "background_load_mbps": 0,
        "abs_mean_us_rep1": 4919.353,
        "abs_mean_us_rep2": 8061.278181818182,
        "n_samples_rep1": 1000,
        "mean_us_rep1": -4919.353,
        "std_us_rep1": 223.59070014692517,
        "median_us_rep1": -4927.0,
        "p1_us_rep1": -5229.0,
        "p99_us_rep1": -4383.88,
        "abs_p99_us_rep1": 5229.0,
        "per_hop_n_rep1": 1000,
        "per_hop_abs_mean_us_rep1": 4919.353,
        "n_samples_rep2": 1100,
        "mean_us_rep2": -8061.278181818182,
        "std_us_rep2": 678.2280175173787,
        "median_us_rep2": -7869.0,
        "p1_us_rep2": -10349.01,
        "p99_us_rep2": -7454.89,
        "abs_p99_us_rep2": 10349.01,
        "per_hop_n_rep2": 1100,
        "per_hop_abs_mean_us_rep2": 8061.278181818182
      }
    },
    {
      "rq": "rq3",
      "delta_pct": 174.93635146431103,
      "config": {
        "n_switches": 2,
        "background_load_mbps": 25,
        "abs_mean_us_rep1": 1802.191,
        "abs_mean_us_rep2": 4954.8781818181815,
        "n_samples_rep1": 1000,
        "mean_us_rep1": -301.039,
        "std_us_rep1": 23669.454680417704,
        "median_us_rep1": -1059.0,
        "p1_us_rep1": -1095.0,
        "p99_us_rep1": -928.97,
        "abs_p99_us_rep1": 1096.01,
        "per_hop_n_rep1": 1000,
        "per_hop_abs_mean_us_rep1": 1802.191,